SERIES_CODE,שם סדרה,FREQ,תדירות,IR_FV_TYPE,סוג ריבית,DATA_SOURCE,מקור נתונים,TIME_COLLECT,אופן חישוב בתקופת זמן,CONF_STATUS,סיווג סודיות,UNIT_MEASURE,יחידות מידה,UNIT_MULT,מכפיל יחידות,TIME_PERIOD,OBS_VALUE,RELEASE_STATUS,שחרור תצפית
MNT_RIB_BOI_D,ריבית בנק ישראל,M,חודשי,RIB_BOI,ריבית בנק מרכזי מוצהרת נומינלית,BOI,בנק ישראל,V,אחר,F,לא סודי,PT,אחוזים,0,יחידות,1994-09,14,,
MNT_RIB_BOI_D,ריבית בנק ישראל,M,חודשי,RIB_BOI,ריבית בנק מרכזי מוצהרת נומינלית,BOI,בנק ישראל,V,אחר,F,לא סודי,PT,אחוזים,0,יחידות,1994-10,15.5,,
MNT_RIB_BOI_D,ריבית בנק ישראל,M,חודשי,RIB_BOI,ריבית בנק מרכזי מוצהרת נומינלית,BOI,בנק ישראל,V,אחר,F,לא סודי,PT,אחוזים,0,יחידות,1994-11,15.5,,
MNT_RIB_BOI_D,ריבית בנק ישראל,M,חודשי,RIB_BOI,ריבית בנק מרכזי מוצהרת נומינלית,BOI,בנק ישראל,V,אחר,F,לא סודי,PT,אחוזים,0,יחידות,1994-12,17,,
MNT_RIB_BOI_D,ריבית בנק ישראל,M,חודשי,RIB_BOI,ריבית בנק מרכזי מוצהרת נומינלית,BOI,בנק ישראל,V,אחר,F,לא סודי,PT,אחוזים,0,יחידות,1995-01,17,,
MNT_RIB_BOI_D,ריבית בנק ישראל,M,חודשי,RIB_BOI,ריבית בנק מרכזי מוצהרת נומינלית,BOI,בנק ישראל,V,אחר,F,לא סודי,PT,אחוזים,0,יחידות,1995-02,17,,
MNT_RIB_BOI_D,ריבית בנק ישראל,M,חודשי,RIB_BOI,ריבית בנק מרכזי מוצהרת נומינלית,BOI,בנק ישראל,V,אחר,F,לא סודי,PT,אחוזים,0,יחידות,1995-03,16.3,,
MNT_RIB_BOI_D,ריבית בנק ישראל,M,חודשי,RIB_BOI,ריבית בנק מרכזי מוצהרת נומינלית,BOI,בנק ישראל,V,אחר,F,לא סודי,PT,אחוזים,0,יחידות,1995-04,14.8,,
MNT_RIB_BOI_D,ריבית בנק ישראל,M,חודשי,RIB_BOI,ריבית בנק מרכזי מוצהרת נומינלית,BOI,בנק ישראל,V,אחר,F,לא סודי,PT,אחוזים,0,יחידות,1995-05,14,,
MNT_RIB_BOI_D,ריבית בנק ישראל,M,חודשי,RIB_BOI,ריבית בנק מרכזי מוצהרת נומינלית,BOI,בנק ישראל,V,אחר,F,לא סודי,PT,אחוזים,0,יחידות,1995-06,13.5,,
MNT_RIB_BOI_D,ריבית בנק ישראל,M,חודשי,RIB_BOI,ריבית בנק מרכזי מוצהרת נומינלית,BOI,בנק ישראל,V,אחר,F,לא סודי,PT,אחוזים,0,יחידות,1995-07,13.5,,
MNT_RIB_BOI_D,ריבית בנק ישראל,M,חודשי,RIB_BOI,ריבית בנק מרכזי מוצהרת נומינלית,BOI,בנק ישראל,V,אחר,F,לא סודי,PT,אחוזים,0,יחידות,1995-08,13.2,,
MNT_RIB_BOI_D,ריבית בנק ישראל,M,חודשי,RIB_BOI,ריבית בנק מרכזי מוצהרת נומינלית,BOI,בנק ישראל,V,אחר,F,לא סודי,PT,אחוזים,0,יחידות,1995-09,13.2,,
MNT_RIB_BOI_D,ריבית בנק ישראל,M,חודשי,RIB_BOI,ריבית בנק מרכזי מוצהרת נומינלית,BOI,בנק ישראל,V,אחר,F,לא סודי,PT,אחוזים,0,יחידות,1995-10,13.7,,
MNT_RIB_BOI_D,ריבית בנק ישראל,M,חודשי,RIB_BOI,ריבית בנק מרכזי מוצהרת נומינלית,BOI,בנק ישראל,V,אחר,F,לא סודי,PT,אחוזים,0,יחידות,1995-11,14.2,,
MNT_RIB_BOI_D,ריבית בנק ישראל,M,חודשי,RIB_BOI,ריבית בנק מרכזי מוצהרת נומינלית,BOI,בנק ישראל,V,אחר,F,לא סודי,PT,אחוזים,0,יחידות,1995-12,14.2,,
MNT_RIB_BOI_D,ריבית בנק ישראל,M,חודשי,RIB_BOI,ריבית בנק מרכזי מוצהרת נומינלית,BOI,בנק ישראל,V,אחר,F,לא סודי,PT,אחוזים,0,יחידות,1996-01,13.7,,
MNT_RIB_BOI_D,ריבית בנק ישראל,M,חודשי,RIB_BOI,ריבית בנק מרכזי מוצהרת נומינלית,BOI,בנק ישראל,V,אחר,F,לא סודי,PT,אחוזים,0,יחידות,1996-02,14,,
MNT_RIB_BOI_D,ריבית בנק ישראל,M,חודשי,RIB_BOI,ריבית בנק מרכזי מוצהרת נומינלית,BOI,בנק ישראל,V,אחר,F,לא סודי,PT,אחוזים,0,יחידות,1996-03,14,,
MNT_RIB_BOI_D,ריבית בנק ישראל,M,חודשי,RIB_BOI,ריבית בנק מרכזי מוצהרת נומינלית,BOI,בנק ישראל,V,אחר,F,לא סודי,PT,אחוזים,0,יחידות,1996-04,14,,
MNT_RIB_BOI_D,ריבית בנק ישראל,M,חודשי,RIB_BOI,ריבית בנק מרכזי מוצהרת נומינלית,BOI,בנק ישראל,V,אחר,F,לא סודי,PT,אחוזים,0,יחידות,1996-05,14.8,,
MNT_RIB_BOI_D,ריבית בנק ישראל,M,חודשי,RIB_BOI,ריבית בנק מרכזי מוצהרת נומינלית,BOI,בנק ישראל,V,אחר,F,לא סודי,PT,אחוזים,0,יחידות,1996-06,15.5,,
MNT_RIB_BOI_D,ריבית בנק ישראל,M,חודשי,RIB_BOI,ריבית בנק מרכזי מוצהרת נומינלית,BOI,בנק ישראל,V,אחר,F,לא סודי,PT,אחוזים,0,יחידות,1996-07,17,,
MNT_RIB_BOI_D,ריבית בנק ישראל,M,חודשי,RIB_BOI,ריבית בנק מרכזי מוצהרת נומינלית,BOI,בנק ישראל,V,אחר,F,לא סודי,PT,אחוזים,0,יחידות,1996-08,16.3,,
MNT_RIB_BOI_D,ריבית בנק ישראל,M,חודשי,RIB_BOI,ריבית בנק מרכזי מוצהרת נומינלית,BOI,בנק ישראל,V,אחר,F,לא סודי,PT,אחוזים,0,יחידות,1996-09,15.8,,
MNT_RIB_BOI_D,ריבית בנק ישראל,M,חודשי,RIB_BOI,ריבית בנק מרכזי מוצהרת נומינלית,BOI,בנק ישראל,V,אחר,F,לא סודי,PT,אחוזים,0,יחידות,1996-10,15.5,,
MNT_RIB_BOI_D,ריבית בנק ישראל,M,חודשי,RIB_BOI,ריבית בנק מרכזי מוצהרת נומינלית,BOI,בנק ישראל,V,אחר,F,לא סודי,PT,אחוזים,0,יחידות,1996-11,15.2,,
MNT_RIB_BOI_D,ריבית בנק ישראל,M,חודשי,RIB_BOI,ריבית בנק מרכזי מוצהרת נומינלית,BOI,בנק ישראל,V,אחר,F,לא סודי,PT,אחוזים,0,יחידות,1996-12,15.2,,
MNT_RIB_BOI_D,ריבית בנק ישראל,M,חודשי,RIB_BOI,ריבית בנק מרכזי מוצהרת נומינלית,BOI,בנק ישראל,V,אחר,F,לא סודי,PT,אחוזים,0,יחידות,1997-01,14.7,,
MNT_RIB_BOI_D,ריבית בנק ישראל,M,חודשי,RIB_BOI,ריבית בנק מרכזי מוצהרת נומינלית,BOI,בנק ישראל,V,אחר,F,לא סודי,PT,אחוזים,0,יחידות,1997-02,14.2,,
MNT_RIB_BOI_D,ריבית בנק ישראל,M,חודשי,RIB_BOI,ריבית בנק מרכזי מוצהרת נומינלית,BOI,בנק ישראל,V,אחר,F,לא סודי,PT,אחוזים,0,יחידות,1997-03,13.9,,
MNT_RIB_BOI_D,ריבית בנק ישראל,M,חודשי,RIB_BOI,ריבית בנק מרכזי מוצהרת נומינלית,BOI,בנק ישראל,V,אחר,F,לא סודי,PT,אחוזים,0,יחידות,1997-04,13.9,,
MNT_RIB_BOI_D,ריבית בנק ישראל,M,חודשי,RIB_BOI,ריבית בנק מרכזי מוצהרת נומינלית,BOI,בנק ישראל,V,אחר,F,לא סודי,PT,אחוזים,0,יחידות,1997-05,13.9,,
MNT_RIB_BOI_D,ריבית בנק ישראל,M,חודשי,RIB_BOI,ריבית בנק מרכזי מוצהרת נומינלית,BOI,בנק ישראל,V,אחר,F,לא סודי,PT,אחוזים,0,יחידות,1997-06,13.9,,
MNT_RIB_BOI_D,ריבית בנק ישראל,M,חודשי,RIB_BOI,ריבית בנק מרכזי מוצהרת נומינלית,BOI,בנק ישראל,V,אחר,F,לא סודי,PT,אחוזים,0,יחידות,1997-07,12.7,,
MNT_RIB_BOI_D,ריבית בנק ישראל,M,חודשי,RIB_BOI,ריבית בנק מרכזי מוצהרת נומינלית,BOI,בנק ישראל,V,אחר,F,לא סודי,PT,אחוזים,0,יחידות,1997-08,12.7,,
MNT_RIB_BOI_D,ריבית בנק ישראל,M,חודשי,RIB_BOI,ריבית בנק מרכזי מוצהרת נומינלית,BOI,בנק ישראל,V,אחר,F,לא סודי,PT,אחוזים,0,יחידות,1997-09,13.4,,
MNT_RIB_BOI_D,ריבית בנק ישראל,M,חודשי,RIB_BOI,ריבית בנק מרכזי מוצהרת נומינלית,BOI,בנק ישראל,V,אחר,F,לא סודי,PT,אחוזים,0,יחידות,1997-10,13.4,,
MNT_RIB_BOI_D,ריבית בנק ישראל,M,חודשי,RIB_BOI,ריבית בנק מרכזי מוצהרת נומינלית,BOI,בנק ישראל,V,אחר,F,לא סודי,PT,אחוזים,0,יחידות,1997-11,13.4,,
MNT_RIB_BOI_D,ריבית בנק ישראל,M,חודשי,RIB_BOI,ריבית בנק מרכזי מוצהרת נומינלית,BOI,בנק ישראל,V,אחר,F,לא סודי,PT,אחוזים,0,יחידות,1997-12,13.4,,
MNT_RIB_BOI_D,ריבית בנק ישראל,M,חודשי,RIB_BOI,ריבית בנק מרכזי מוצהרת נומינלית,BOI,בנק ישראל,V,אחר,F,לא סודי,PT,אחוזים,0,יחידות,1998-01,13.4,,
MNT_RIB_BOI_D,ריבית בנק ישראל,M,חודשי,RIB_BOI,ריבית בנק מרכזי מוצהרת נומינלית,BOI,בנק ישראל,V,אחר,F,לא סודי,PT,אחוזים,0,יחידות,1998-02,12.9,,
MNT_RIB_BOI_D,ריבית בנק ישראל,M,חודשי,RIB_BOI,ריבית בנק מרכזי מוצהרת נומינלית,BOI,בנק ישראל,V,אחר,F,לא סודי,PT,אחוזים,0,יחידות,1998-03,12.6,,
MNT_RIB_BOI_D,ריבית בנק ישראל,M,חודשי,RIB_BOI,ריבית בנק מרכזי מוצהרת נומינלית,BOI,בנק ישראל,V,אחר,F,לא סודי,PT,אחוזים,0,יחידות,1998-04,12.2,,
MNT_RIB_BOI_D,ריבית בנק ישראל,M,חודשי,RIB_BOI,ריבית בנק מרכזי מוצהרת נומינלית,BOI,בנק ישראל,V,אחר,F,לא סודי,PT,אחוזים,0,יחידות,1998-05,11.9,,
MNT_RIB_BOI_D,ריבית בנק ישראל,M,חודשי,RIB_BOI,ריבית בנק מרכזי מוצהרת נומינלית,BOI,בנק ישראל,V,אחר,F,לא סודי,PT,אחוזים,0,יחידות,1998-06,11.6,,
MNT_RIB_BOI_D,ריבית בנק ישראל,M,חודשי,RIB_BOI,ריבית בנק מרכזי מוצהרת נומינלית,BOI,בנק ישראל,V,אחר,F,לא סודי,PT,אחוזים,0,יחידות,1998-07,11.3,,
MNT_RIB_BOI_D,ריבית בנק ישראל,M,חודשי,RIB_BOI,ריבית בנק מרכזי מוצהרת נומינלית,BOI,בנק ישראל,V,אחר,F,לא סודי,PT,אחוזים,0,יחידות,1998-08,9.5,,
MNT_RIB_BOI_D,ריבית בנק ישראל,M,חודשי,RIB_BOI,ריבית בנק מרכזי מוצהרת נומינלית,BOI,בנק ישראל,V,אחר,F,לא סודי,PT,אחוזים,0,יחידות,1998-09,9.5,,
MNT_RIB_BOI_D,ריבית בנק ישראל,M,חודשי,RIB_BOI,ריבית בנק מרכזי מוצהרת נומינלית,BOI,בנק ישראל,V,אחר,F,לא סודי,PT,אחוזים,0,יחידות,1998-10,9.5,,
MNT_RIB_BOI_D,ריבית בנק ישראל,M,חודשי,RIB_BOI,ריבית בנק מרכזי מוצהרת נומינלית,BOI,בנק ישראל,V,אחר,F,לא סודי,PT,אחוזים,0,יחידות,1998-11,13.5,,
MNT_RIB_BOI_D,ריבית בנק ישראל,M,חודשי,RIB_BOI,ריבית בנק מרכזי מוצהרת נומינלית,BOI,בנק ישראל,V,אחר,F,לא סודי,PT,אחוזים,0,יחידות,1998-12,13.5,,
MNT_RIB_BOI_D,ריבית בנק ישראל,M,חודשי,RIB_BOI,ריבית בנק מרכזי מוצהרת נומינלית,BOI,בנק ישראל,V,אחר,F,לא סודי,PT,אחוזים,0,יחידות,1999-01,13.5,,
MNT_RIB_BOI_D,ריבית בנק ישראל,M,חודשי,RIB_BOI,ריבית בנק מרכזי מוצהרת נומינלית,BOI,בנק ישראל,V,אחר,F,לא סודי,PT,אחוזים,0,יחידות,1999-02,13.5,,
MNT_RIB_BOI_D,ריבית בנק ישראל,M,חודשי,RIB_BOI,ריבית בנק מרכזי מוצהרת נומינלית,BOI,בנק ישראל,V,אחר,F,לא סודי,PT,אחוזים,0,יחידות,1999-03,13,,
MNT_RIB_BOI_D,ריבית בנק ישראל,M,חודשי,RIB_BOI,ריבית בנק מרכזי מוצהרת נומינלית,BOI,בנק ישראל,V,אחר,F,לא סודי,PT,אחוזים,0,יחידות,1999-04,12.5,,
MNT_RIB_BOI_D,ריבית בנק ישראל,M,חודשי,RIB_BOI,ריבית בנק מרכזי מוצהרת נומינלית,BOI,בנק ישראל,V,אחר,F,לא סודי,PT,אחוזים,0,יחידות,1999-05,12,,
MNT_RIB_BOI_D,ריבית בנק ישראל,M,חודשי,RIB_BOI,ריבית בנק מרכזי מוצהרת נומינלית,BOI,בנק ישראל,V,אחר,F,לא סודי,PT,אחוזים,0,יחידות,1999-06,12,,
MNT_RIB_BOI_D,ריבית בנק ישראל,M,חודשי,RIB_BOI,ריבית בנק מרכזי מוצהרת נומינלית,BOI,בנק ישראל,V,אחר,F,לא סודי,PT,אחוזים,0,יחידות,1999-07,12,,
MNT_RIB_BOI_D,ריבית בנק ישראל,M,חודשי,RIB_BOI,ריבית בנק מרכזי מוצהרת נומינלית,BOI,בנק ישראל,V,אחר,F,לא סודי,PT,אחוזים,0,יחידות,1999-08,11.5,,
MNT_RIB_BOI_D,ריבית בנק ישראל,M,חודשי,RIB_BOI,ריבית בנק מרכזי מוצהרת נומינלית,BOI,בנק ישראל,V,אחר,F,לא סודי,PT,אחוזים,0,יחידות,1999-09,11.5,,
MNT_RIB_BOI_D,ריבית בנק ישראל,M,חודשי,RIB_BOI,ריבית בנק מרכזי מוצהרת נומינלית,BOI,בנק ישראל,V,אחר,F,לא סודי,PT,אחוזים,0,יחידות,1999-10,11.5,,
MNT_RIB_BOI_D,ריבית בנק ישראל,M,חודשי,RIB_BOI,ריבית בנק מרכזי מוצהרת נומינלית,BOI,בנק ישראל,V,אחר,F,לא סודי,PT,אחוזים,0,יחידות,1999-11,11.5,,
MNT_RIB_BOI_D,ריבית בנק ישראל,M,חודשי,RIB_BOI,ריבית בנק מרכזי מוצהרת נומינלית,BOI,בנק ישראל,V,אחר,F,לא סודי,PT,אחוזים,0,יחידות,1999-12,11.2,,
MNT_RIB_BOI_D,ריבית בנק ישראל,M,חודשי,RIB_BOI,ריבית בנק מרכזי מוצהרת נומינלית,BOI,בנק ישראל,V,אחר,F,לא סודי,PT,אחוזים,0,יחידות,2000-01,10.7,,
MNT_RIB_BOI_D,ריבית בנק ישראל,M,חודשי,RIB_BOI,ריבית בנק מרכזי מוצהרת נומינלית,BOI,בנק ישראל,V,אחר,F,לא סודי,PT,אחוזים,0,יחידות,2000-02,10.3,,
MNT_RIB_BOI_D,ריבית בנק ישראל,M,חודשי,RIB_BOI,ריבית בנק מרכזי מוצהרת נומינלית,BOI,בנק ישראל,V,אחר,F,לא סודי,PT,אחוזים,0,יחידות,2000-03,9.9,,
MNT_RIB_BOI_D,ריבית בנק ישראל,M,חודשי,RIB_BOI,ריבית בנק מרכזי מוצהרת נומינלית,BOI,בנק ישראל,V,אחר,F,לא סודי,PT,אחוזים,0,יחידות,2000-04,9.6,,
MNT_RIB_BOI_D,ריבית בנק ישראל,M,חודשי,RIB_BOI,ריבית בנק מרכזי מוצהרת נומינלית,BOI,בנק ישראל,V,אחר,F,לא סודי,PT,אחוזים,0,יחידות,2000-05,9.3,,
MNT_RIB_BOI_D,ריבית בנק ישראל,M,חודשי,RIB_BOI,ריבית בנק מרכזי מוצהרת נומינלית,BOI,בנק ישראל,V,אחר,F,לא סודי,PT,אחוזים,0,יחידות,2000-06,9.3,,
MNT_RIB_BOI_D,ריבית בנק ישראל,M,חודשי,RIB_BOI,ריבית בנק מרכזי מוצהרת נומינלית,BOI,בנק ישראל,V,אחר,F,לא סודי,PT,אחוזים,0,יחידות,2000-07,9.3,,
MNT_RIB_BOI_D,ריבית בנק ישראל,M,חודשי,RIB_BOI,ריבית בנק מרכזי מוצהרת נומינלית,BOI,בנק ישראל,V,אחר,F,לא סודי,PT,אחוזים,0,יחידות,2000-08,9.1,,
MNT_RIB_BOI_D,ריבית בנק ישראל,M,חודשי,RIB_BOI,ריבית בנק מרכזי מוצהרת נומינלית,BOI,בנק ישראל,V,אחר,F,לא סודי,PT,אחוזים,0,יחידות,2000-09,8.9,,
MNT_RIB_BOI_D,ריבית בנק ישראל,M,חודשי,RIB_BOI,ריבית בנק מרכזי מוצהרת נומינלית,BOI,בנק ישראל,V,אחר,F,לא סודי,PT,אחוזים,0,יחידות,2000-10,8.6,,
MNT_RIB_BOI_D,ריבית בנק ישראל,M,חודשי,RIB_BOI,ריבית בנק מרכזי מוצהרת נומינלית,BOI,בנק ישראל,V,אחר,F,לא סודי,PT,אחוזים,0,יחידות,2000-11,8.4,,
MNT_RIB_BOI_D,ריבית בנק ישראל,M,חודשי,RIB_BOI,ריבית בנק מרכזי מוצהרת נומינלית,BOI,בנק ישראל,V,אחר,F,לא סודי,PT,אחוזים,0,יחידות,2000-12,8.2,,
MNT_RIB_BOI_D,ריבית בנק ישראל,M,חודשי,RIB_BOI,ריבית בנק מרכזי מוצהרת נומינלית,BOI,בנק ישראל,V,אחר,F,לא סודי,PT,אחוזים,0,יחידות,2001-01,8,,
MNT_RIB_BOI_D,ריבית בנק ישראל,M,חודשי,RIB_BOI,ריבית בנק מרכזי מוצהרת נומינלית,BOI,בנק ישראל,V,אחר,F,לא סודי,PT,אחוזים,0,יחידות,2001-02,7.7,,
MNT_RIB_BOI_D,ריבית בנק ישראל,M,חודשי,RIB_BOI,ריבית בנק מרכזי מוצהרת נומינלית,BOI,בנק ישראל,V,אחר,F,לא סודי,PT,אחוזים,0,יחידות,2001-03,7.5,,
MNT_RIB_BOI_D,ריבית בנק ישראל,M,חודשי,RIB_BOI,ריבית בנק מרכזי מוצהרת נומינלית,BOI,בנק ישראל,V,אחר,F,לא סודי,PT,אחוזים,0,יחידות,2001-04,7.2,,
MNT_RIB_BOI_D,ריבית בנק ישראל,M,חודשי,RIB_BOI,ריבית בנק מרכזי מוצהרת נומינלית,BOI,בנק ישראל,V,אחר,F,לא סודי,PT,אחוזים,0,יחידות,2001-05,7.2,,
MNT_RIB_BOI_D,ריבית בנק ישראל,M,חודשי,RIB_BOI,ריבית בנק מרכזי מוצהרת נומינלית,BOI,בנק ישראל,V,אחר,F,לא סודי,PT,אחוזים,0,יחידות,2001-06,7,,
MNT_RIB_BOI_D,ריבית בנק ישראל,M,חודשי,RIB_BOI,ריבית בנק מרכזי מוצהרת נומינלית,BOI,בנק ישראל,V,אחר,F,לא סודי,PT,אחוזים,0,יחידות,2001-07,6.5,,
MNT_RIB_BOI_D,ריבית בנק ישראל,M,חודשי,RIB_BOI,ריבית בנק מרכזי מוצהרת נומינלית,BOI,בנק ישראל,V,אחר,F,לא סודי,PT,אחוזים,0,יחידות,2001-08,6.3,,
MNT_RIB_BOI_D,ריבית בנק ישראל,M,חודשי,RIB_BOI,ריבית בנק מרכזי מוצהרת נומינלית,BOI,בנק ישראל,V,אחר,F,לא סודי,PT,אחוזים,0,יחידות,2001-09,6.3,,
MNT_RIB_BOI_D,ריבית בנק ישראל,M,חודשי,RIB_BOI,ריבית בנק מרכזי מוצהרת נומינלית,BOI,בנק ישראל,V,אחר,F,לא סודי,PT,אחוזים,0,יחידות,2001-10,6.3,,
MNT_RIB_BOI_D,ריבית בנק ישראל,M,חודשי,RIB_BOI,ריבית בנק מרכזי מוצהרת נומינלית,BOI,בנק ישראל,V,אחר,F,לא סודי,PT,אחוזים,0,יחידות,2001-11,6.1,,
MNT_RIB_BOI_D,ריבית בנק ישראל,M,חודשי,RIB_BOI,ריבית בנק מרכזי מוצהרת נומינלית,BOI,בנק ישראל,V,אחר,F,לא סודי,PT,אחוזים,0,יחידות,2001-12,5.8,,
MNT_RIB_BOI_D,ריבית בנק ישראל,M,חודשי,RIB_BOI,ריבית בנק מרכזי מוצהרת נומינלית,BOI,בנק ישראל,V,אחר,F,לא סודי,PT,אחוזים,0,יחידות,2002-01,3.8,,
MNT_RIB_BOI_D,ריבית בנק ישראל,M,חודשי,RIB_BOI,ריבית בנק מרכזי מוצהרת נומינלית,BOI,בנק ישראל,V,אחר,F,לא סודי,PT,אחוזים,0,יחידות,2002-02,3.8,,
MNT_RIB_BOI_D,ריבית בנק ישראל,M,חודשי,RIB_BOI,ריבית בנק מרכזי מוצהרת נומינלית,BOI,בנק ישראל,V,אחר,F,לא סודי,PT,אחוזים,0,יחידות,2002-03,4.4,,
MNT_RIB_BOI_D,ריבית בנק ישראל,M,חודשי,RIB_BOI,ריבית בנק מרכזי מוצהרת נומינלית,BOI,בנק ישראל,V,אחר,F,לא סודי,PT,אחוזים,0,יחידות,2002-04,4.4,,
MNT_RIB_BOI_D,ריבית בנק ישראל,M,חודשי,RIB_BOI,ריבית בנק מרכזי מוצהרת נומינלית,BOI,בנק ישראל,V,אחר,F,לא סודי,PT,אחוזים,0,יחידות,2002-05,4.6,,
MNT_RIB_BOI_D,ריבית בנק ישראל,M,חודשי,RIB_BOI,ריבית בנק מרכזי מוצהרת נומינלית,BOI,בנק ישראל,V,אחר,F,לא סודי,PT,אחוזים,0,יחידות,2002-06,7.1,,
MNT_RIB_BOI_D,ריבית בנק ישראל,M,חודשי,RIB_BOI,ריבית בנק מרכזי מוצהרת נומינלית,BOI,בנק ישראל,V,אחר,F,לא סודי,PT,אחוזים,0,יחידות,2002-07,9.1,,
MNT_RIB_BOI_D,ריבית בנק ישראל,M,חודשי,RIB_BOI,ריבית בנק מרכזי מוצהרת נומינלית,BOI,בנק ישראל,V,אחר,F,לא סודי,PT,אחוזים,0,יחידות,2002-08,9.1,,
MNT_RIB_BOI_D,ריבית בנק ישראל,M,חודשי,RIB_BOI,ריבית בנק מרכזי מוצהרת נומינלית,BOI,בנק ישראל,V,אחר,F,לא סודי,PT,אחוזים,0,יחידות,2002-09,9.1,,
MNT_RIB_BOI_D,ריבית בנק ישראל,M,חודשי,RIB_BOI,ריבית בנק מרכזי מוצהרת נומינלית,BOI,בנק ישראל,V,אחר,F,לא סודי,PT,אחוזים,0,יחידות,2002-10,9.1,,
MNT_RIB_BOI_D,ריבית בנק ישראל,M,חודשי,RIB_BOI,ריבית בנק מרכזי מוצהרת נומינלית,BOI,בנק ישראל,V,אחר,F,לא סודי,PT,אחוזים,0,יחידות,2002-11,9.1,,
MNT_RIB_BOI_D,ריבית בנק ישראל,M,חודשי,RIB_BOI,ריבית בנק מרכזי מוצהרת נומינלית,BOI,בנק ישראל,V,אחר,F,לא סודי,PT,אחוזים,0,יחידות,2002-12,9.1,,
MNT_RIB_BOI_D,ריבית בנק ישראל,M,חודשי,RIB_BOI,ריבית בנק מרכזי מוצהרת נומינלית,BOI,בנק ישראל,V,אחר,F,לא סודי,PT,אחוזים,0,יחידות,2003-01,8.9,,
MNT_RIB_BOI_D,ריבית בנק ישראל,M,חודשי,RIB_BOI,ריבית בנק מרכזי מוצהרת נומינלית,BOI,בנק ישראל,V,אחר,F,לא סודי,PT,אחוזים,0,יחידות,2003-02,8.9,,
MNT_RIB_BOI_D,ריבית בנק ישראל,M,חודשי,RIB_BOI,ריבית בנק מרכזי מוצהרת נומינלית,BOI,בנק ישראל,V,אחר,F,לא סודי,PT,אחוזים,0,יחידות,2003-03,8.9,,
MNT_RIB_BOI_D,ריבית בנק ישראל,M,חודשי,RIB_BOI,ריבית בנק מרכזי מוצהרת נומינלית,BOI,בנק ישראל,V,אחר,F,לא סודי,PT,אחוזים,0,יחידות,2003-04,8.7,,
MNT_RIB_BOI_D,ריבית בנק ישראל,M,חודשי,RIB_BOI,ריבית בנק מרכזי מוצהרת נומינלית,BOI,בנק ישראל,V,אחר,F,לא סודי,PT,אחוזים,0,יחידות,2003-05,8.4,,
MNT_RIB_BOI_D,ריבית בנק ישראל,M,חודשי,RIB_BOI,ריבית בנק מרכזי מוצהרת נומינלית,BOI,בנק ישראל,V,אחר,F,לא סודי,PT,אחוזים,0,יחידות,2003-06,8,,
MNT_RIB_BOI_D,ריבית בנק ישראל,M,חודשי,RIB_BOI,ריבית בנק מרכזי מוצהרת נומינלית,BOI,בנק ישראל,V,אחר,F,לא סודי,PT,אחוזים,0,יחידות,2003-07,7.5,,
MNT_RIB_BOI_D,ריבית בנק ישראל,M,חודשי,RIB_BOI,ריבית בנק מרכזי מוצהרת נומינלית,BOI,בנק ישראל,V,אחר,F,לא סודי,PT,אחוזים,0,יחידות,2003-08,7,,
MNT_RIB_BOI_D,ריבית בנק ישראל,M,חודשי,RIB_BOI,ריבית בנק מרכזי מוצהרת נומינלית,BOI,בנק ישראל,V,אחר,F,לא סודי,PT,אחוזים,0,יחידות,2003-09,6.5,,
MNT_RIB_BOI_D,ריבית בנק ישראל,M,חודשי,RIB_BOI,ריבית בנק מרכזי מוצהרת נומינלית,BOI,בנק ישראל,V,אחר,F,לא סודי,PT,אחוזים,0,יחידות,2003-10,6.1,,
MNT_RIB_BOI_D,ריבית בנק ישראל,M,חודשי,RIB_BOI,ריבית בנק מרכזי מוצהרת נומינלית,BOI,בנק ישראל,V,אחר,F,לא סודי,PT,אחוזים,0,יחידות,2003-11,5.6,,
MNT_RIB_BOI_D,ריבית בנק ישראל,M,חודשי,RIB_BOI,ריבית בנק מרכזי מוצהרת נומינלית,BOI,בנק ישראל,V,אחר,F,לא סודי,PT,אחוזים,0,יחידות,2003-12,5.2,,
MNT_RIB_BOI_D,ריבית בנק ישראל,M,חודשי,RIB_BOI,ריבית בנק מרכזי מוצהרת נומינלית,BOI,בנק ישראל,V,אחר,F,לא סודי,PT,אחוזים,0,יחידות,2004-01,4.8,,
MNT_RIB_BOI_D,ריבית בנק ישראל,M,חודשי,RIB_BOI,ריבית בנק מרכזי מוצהרת נומינלית,BOI,בנק ישראל,V,אחר,F,לא סודי,PT,אחוזים,0,יחידות,2004-02,4.5,,
MNT_RIB_BOI_D,ריבית בנק ישראל,M,חודשי,RIB_BOI,ריבית בנק מרכזי מוצהרת נומינלית,BOI,בנק ישראל,V,אחר,F,לא סודי,PT,אחוזים,0,יחידות,2004-03,4.3,,
MNT_RIB_BOI_D,ריבית בנק ישראל,M,חודשי,RIB_BOI,ריבית בנק מרכזי מוצהרת נומינלית,BOI,בנק ישראל,V,אחר,F,לא סודי,PT,אחוזים,0,יחידות,2004-04,4.1,,
MNT_RIB_BOI_D,ריבית בנק ישראל,M,חודשי,RIB_BOI,ריבית בנק מרכזי מוצהרת נומינלית,BOI,בנק ישראל,V,אחר,F,לא סודי,PT,אחוזים,0,יחידות,2004-05,4.1,,
MNT_RIB_BOI_D,ריבית בנק ישראל,M,חודשי,RIB_BOI,ריבית בנק מרכזי מוצהרת נומינלית,BOI,בנק ישראל,V,אחר,F,לא סודי,PT,אחוזים,0,יחידות,2004-06,4.1,,
MNT_RIB_BOI_D,ריבית בנק ישראל,M,חודשי,RIB_BOI,ריבית בנק מרכזי מוצהרת נומינלית,BOI,בנק ישראל,V,אחר,F,לא סודי,PT,אחוזים,0,יחידות,2004-07,4.1,,
MNT_RIB_BOI_D,ריבית בנק ישראל,M,חודשי,RIB_BOI,ריבית בנק מרכזי מוצהרת נומינלית,BOI,בנק ישראל,V,אחר,F,לא סודי,PT,אחוזים,0,יחידות,2004-08,4.1,,
MNT_RIB_BOI_D,ריבית בנק ישראל,M,חודשי,RIB_BOI,ריבית בנק מרכזי מוצהרת נומינלית,BOI,בנק ישראל,V,אחר,F,לא סודי,PT,אחוזים,0,יחידות,2004-09,4.1,,
MNT_RIB_BOI_D,ריבית בנק ישראל,M,חודשי,RIB_BOI,ריבית בנק מרכזי מוצהרת נומינלית,BOI,בנק ישראל,V,אחר,F,לא סודי,PT,אחוזים,0,יחידות,2004-10,4.1,,
MNT_RIB_BOI_D,ריבית בנק ישראל,M,חודשי,RIB_BOI,ריבית בנק מרכזי מוצהרת נומינלית,BOI,בנק ישראל,V,אחר,F,לא סודי,PT,אחוזים,0,יחידות,2004-11,4.1,,
MNT_RIB_BOI_D,ריבית בנק ישראל,M,חודשי,RIB_BOI,ריבית בנק מרכזי מוצהרת נומינלית,BOI,בנק ישראל,V,אחר,F,לא סודי,PT,אחוזים,0,יחידות,2004-12,3.9,,
MNT_RIB_BOI_D,ריבית בנק ישראל,M,חודשי,RIB_BOI,ריבית בנק מרכזי מוצהרת נומינלית,BOI,בנק ישראל,V,אחר,F,לא סודי,PT,אחוזים,0,יחידות,2005-01,3.7,,
MNT_RIB_BOI_D,ריבית בנק ישראל,M,חודשי,RIB_BOI,ריבית בנק מרכזי מוצהרת נומינלית,BOI,בנק ישראל,V,אחר,F,לא סודי,PT,אחוזים,0,יחידות,2005-02,3.5,,
MNT_RIB_BOI_D,ריבית בנק ישראל,M,חודשי,RIB_BOI,ריבית בנק מרכזי מוצהרת נומינלית,BOI,בנק ישראל,V,אחר,F,לא סודי,PT,אחוזים,0,יחידות,2005-03,3.5,,
MNT_RIB_BOI_D,ריבית בנק ישראל,M,חודשי,RIB_BOI,ריבית בנק מרכזי מוצהרת נומינלית,BOI,בנק ישראל,V,אחר,F,לא סודי,PT,אחוזים,0,יחידות,2005-04,3.5,,
MNT_RIB_BOI_D,ריבית בנק ישראל,M,חודשי,RIB_BOI,ריבית בנק מרכזי מוצהרת נומינלית,BOI,בנק ישראל,V,אחר,F,לא סודי,PT,אחוזים,0,יחידות,2005-05,3.5,,
MNT_RIB_BOI_D,ריבית בנק ישראל,M,חודשי,RIB_BOI,ריבית בנק מרכזי מוצהרת נומינלית,BOI,בנק ישראל,V,אחר,F,לא סודי,PT,אחוזים,0,יחידות,2005-06,3.5,,
MNT_RIB_BOI_D,ריבית בנק ישראל,M,חודשי,RIB_BOI,ריבית בנק מרכזי מוצהרת נומינלית,BOI,בנק ישראל,V,אחר,F,לא סודי,PT,אחוזים,0,יחידות,2005-07,3.5,,
MNT_RIB_BOI_D,ריבית בנק ישראל,M,חודשי,RIB_BOI,ריבית בנק מרכזי מוצהרת נומינלית,BOI,בנק ישראל,V,אחר,F,לא סודי,PT,אחוזים,0,יחידות,2005-08,3.5,,
MNT_RIB_BOI_D,ריבית בנק ישראל,M,חודשי,RIB_BOI,ריבית בנק מרכזי מוצהרת נומינלית,BOI,בנק ישראל,V,אחר,F,לא סודי,PT,אחוזים,0,יחידות,2005-09,3.5,,
MNT_RIB_BOI_D,ריבית בנק ישראל,M,חודשי,RIB_BOI,ריבית בנק מרכזי מוצהרת נומינלית,BOI,בנק ישראל,V,אחר,F,לא סודי,PT,אחוזים,0,יחידות,2005-10,3.75,,
MNT_RIB_BOI_D,ריבית בנק ישראל,M,חודשי,RIB_BOI,ריבית בנק מרכזי מוצהרת נומינלית,BOI,בנק ישראל,V,אחר,F,לא סודי,PT,אחוזים,0,יחידות,2005-11,4,,
MNT_RIB_BOI_D,ריבית בנק ישראל,M,חודשי,RIB_BOI,ריבית בנק מרכזי מוצהרת נומינלית,BOI,בנק ישראל,V,אחר,F,לא סודי,PT,אחוזים,0,יחידות,2005-12,4.5,,
MNT_RIB_BOI_D,ריבית בנק ישראל,M,חודשי,RIB_BOI,ריבית בנק מרכזי מוצהרת נומינלית,BOI,בנק ישראל,V,אחר,F,לא סודי,PT,אחוזים,0,יחידות,2006-01,4.5,,
MNT_RIB_BOI_D,ריבית בנק ישראל,M,חודשי,RIB_BOI,ריבית בנק מרכזי מוצהרת נומינלית,BOI,בנק ישראל,V,אחר,F,לא סודי,PT,אחוזים,0,יחידות,2006-02,4.75,,
MNT_RIB_BOI_D,ריבית בנק ישראל,M,חודשי,RIB_BOI,ריבית בנק מרכזי מוצהרת נומינלית,BOI,בנק ישראל,V,אחר,F,לא סודי,PT,אחוזים,0,יחידות,2006-03,4.75,,
MNT_RIB_BOI_D,ריבית בנק ישראל,M,חודשי,RIB_BOI,ריבית בנק מרכזי מוצהרת נומינלית,BOI,בנק ישראל,V,אחר,F,לא סודי,PT,אחוזים,0,יחידות,2006-04,5,,
MNT_RIB_BOI_D,ריבית בנק ישראל,M,חודשי,RIB_BOI,ריבית בנק מרכזי מוצהרת נומינלית,BOI,בנק ישראל,V,אחר,F,לא סודי,PT,אחוזים,0,יחידות,2006-05,5.25,,
MNT_RIB_BOI_D,ריבית בנק ישראל,M,חודשי,RIB_BOI,ריבית בנק מרכזי מוצהרת נומינלית,BOI,בנק ישראל,V,אחר,F,לא סודי,PT,אחוזים,0,יחידות,2006-06,5.25,,
MNT_RIB_BOI_D,ריבית בנק ישראל,M,חודשי,RIB_BOI,ריבית בנק מרכזי מוצהרת נומינלית,BOI,בנק ישראל,V,אחר,F,לא סודי,PT,אחוזים,0,יחידות,2006-07,5.25,,
MNT_RIB_BOI_D,ריבית בנק ישראל,M,חודשי,RIB_BOI,ריבית בנק מרכזי מוצהרת נומינלית,BOI,בנק ישראל,V,אחר,F,לא סודי,PT,אחוזים,0,יחידות,2006-08,5.5,,
MNT_RIB_BOI_D,ריבית בנק ישראל,M,חודשי,RIB_BOI,ריבית בנק מרכזי מוצהרת נומינלית,BOI,בנק ישראל,V,אחר,F,לא סודי,PT,אחוזים,0,יחידות,2006-09,5.5,,
MNT_RIB_BOI_D,ריבית בנק ישראל,M,חודשי,RIB_BOI,ריבית בנק מרכזי מוצהרת נומינלית,BOI,בנק ישראל,V,אחר,F,לא סודי,PT,אחוזים,0,יחידות,2006-10,5.5,,
MNT_RIB_BOI_D,ריבית בנק ישראל,M,חודשי,RIB_BOI,ריבית בנק מרכזי מוצהרת נומינלית,BOI,בנק ישראל,V,אחר,F,לא סודי,PT,אחוזים,0,יחידות,2006-11,5.25,,
MNT_RIB_BOI_D,ריבית בנק ישראל,M,חודשי,RIB_BOI,ריבית בנק מרכזי מוצהרת נומינלית,BOI,בנק ישראל,V,אחר,F,לא סודי,PT,אחוזים,0,יחידות,2006-12,5,,
MNT_RIB_BOI_D,ריבית בנק ישראל,M,חודשי,RIB_BOI,ריבית בנק מרכזי מוצהרת נומינלית,BOI,בנק ישראל,V,אחר,F,לא סודי,PT,אחוזים,0,יחידות,2007-01,4.5,,
MNT_RIB_BOI_D,ריבית בנק ישראל,M,חודשי,RIB_BOI,ריבית בנק מרכזי מוצהרת נומינלית,BOI,בנק ישראל,V,אחר,F,לא סודי,PT,אחוזים,0,יחידות,2007-02,4.25,,
MNT_RIB_BOI_D,ריבית בנק ישראל,M,חודשי,RIB_BOI,ריבית בנק מרכזי מוצהרת נומינלית,BOI,בנק ישראל,V,אחר,F,לא סודי,PT,אחוזים,0,יחידות,2007-03,4,,
MNT_RIB_BOI_D,ריבית בנק ישראל,M,חודשי,RIB_BOI,ריבית בנק מרכזי מוצהרת נומינלית,BOI,בנק ישראל,V,אחר,F,לא סודי,PT,אחוזים,0,יחידות,2007-04,4,,
MNT_RIB_BOI_D,ריבית בנק ישראל,M,חודשי,RIB_BOI,ריבית בנק מרכזי מוצהרת נומינלית,BOI,בנק ישראל,V,אחר,F,לא סודי,PT,אחוזים,0,יחידות,2007-05,3.75,,
MNT_RIB_BOI_D,ריבית בנק ישראל,M,חודשי,RIB_BOI,ריבית בנק מרכזי מוצהרת נומינלית,BOI,בנק ישראל,V,אחר,F,לא סודי,PT,אחוזים,0,יחידות,2007-06,3.5,,
MNT_RIB_BOI_D,ריבית בנק ישראל,M,חודשי,RIB_BOI,ריבית בנק מרכזי מוצהרת נומינלית,BOI,בנק ישראל,V,אחר,F,לא סודי,PT,אחוזים,0,יחידות,2007-07,3.5,,
MNT_RIB_BOI_D,ריבית בנק ישראל,M,חודשי,RIB_BOI,ריבית בנק מרכזי מוצהרת נומינלית,BOI,בנק ישראל,V,אחר,F,לא סודי,PT,אחוזים,0,יחידות,2007-08,3.75,,
MNT_RIB_BOI_D,ריבית בנק ישראל,M,חודשי,RIB_BOI,ריבית בנק מרכזי מוצהרת נומינלית,BOI,בנק ישראל,V,אחר,F,לא סודי,PT,אחוזים,0,יחידות,2007-09,4,,
MNT_RIB_BOI_D,ריבית בנק ישראל,M,חודשי,RIB_BOI,ריבית בנק מרכזי מוצהרת נומינלית,BOI,בנק ישראל,V,אחר,F,לא סודי,PT,אחוזים,0,יחידות,2007-10,4,,
MNT_RIB_BOI_D,ריבית בנק ישראל,M,חודשי,RIB_BOI,ריבית בנק מרכזי מוצהרת נומינלית,BOI,בנק ישראל,V,אחר,F,לא סודי,PT,אחוזים,0,יחידות,2007-11,4,,
MNT_RIB_BOI_D,ריבית בנק ישראל,M,חודשי,RIB_BOI,ריבית בנק מרכזי מוצהרת נומינלית,BOI,בנק ישראל,V,אחר,F,לא סודי,PT,אחוזים,0,יחידות,2007-12,4,,
MNT_RIB_BOI_D,ריבית בנק ישראל,M,חודשי,RIB_BOI,ריבית בנק מרכזי מוצהרת נומינלית,BOI,בנק ישראל,V,אחר,F,לא סודי,PT,אחוזים,0,יחידות,2008-01,4.25,,
MNT_RIB_BOI_D,ריבית בנק ישראל,M,חודשי,RIB_BOI,ריבית בנק מרכזי מוצהרת נומינלית,BOI,בנק ישראל,V,אחר,F,לא סודי,PT,אחוזים,0,יחידות,2008-02,4.25,,
MNT_RIB_BOI_D,ריבית בנק ישראל,M,חודשי,RIB_BOI,ריבית בנק מרכזי מוצהרת נומינלית,BOI,בנק ישראל,V,אחר,F,לא סודי,PT,אחוזים,0,יחידות,2008-03,3.75,,
MNT_RIB_BOI_D,ריבית בנק ישראל,M,חודשי,RIB_BOI,ריבית בנק מרכזי מוצהרת נומינלית,BOI,בנק ישראל,V,אחר,F,לא סודי,PT,אחוזים,0,יחידות,2008-04,3.25,,
MNT_RIB_BOI_D,ריבית בנק ישראל,M,חודשי,RIB_BOI,ריבית בנק מרכזי מוצהרת נומינלית,BOI,בנק ישראל,V,אחר,F,לא סודי,PT,אחוזים,0,יחידות,2008-05,3.25,,
MNT_RIB_BOI_D,ריבית בנק ישראל,M,חודשי,RIB_BOI,ריבית בנק מרכזי מוצהרת נומינלית,BOI,בנק ישראל,V,אחר,F,לא סודי,PT,אחוזים,0,יחידות,2008-06,3.5,,
MNT_RIB_BOI_D,ריבית בנק ישראל,M,חודשי,RIB_BOI,ריבית בנק מרכזי מוצהרת נומינלית,BOI,בנק ישראל,V,אחר,F,לא סודי,PT,אחוזים,0,יחידות,2008-07,3.75,,
MNT_RIB_BOI_D,ריבית בנק ישראל,M,חודשי,RIB_BOI,ריבית בנק מרכזי מוצהרת נומינלית,BOI,בנק ישראל,V,אחר,F,לא סודי,PT,אחוזים,0,יחידות,2008-08,4,,
MNT_RIB_BOI_D,ריבית בנק ישראל,M,חודשי,RIB_BOI,ריבית בנק מרכזי מוצהרת נומינלית,BOI,בנק ישראל,V,אחר,F,לא סודי,PT,אחוזים,0,יחידות,2008-09,4.25,,
MNT_RIB_BOI_D,ריבית בנק ישראל,M,חודשי,RIB_BOI,ריבית בנק מרכזי מוצהרת נומינלית,BOI,בנק ישראל,V,אחר,F,לא סודי,PT,אחוזים,0,יחידות,2008-10,3.75,,
MNT_RIB_BOI_D,ריבית בנק ישראל,M,חודשי,RIB_BOI,ריבית בנק מרכזי מוצהרת נומינלית,BOI,בנק ישראל,V,אחר,F,לא סודי,PT,אחוזים,0,יחידות,2008-11,3,,
MNT_RIB_BOI_D,ריבית בנק ישראל,M,חודשי,RIB_BOI,ריבית בנק מרכזי מוצהרת נומינלית,BOI,בנק ישראל,V,אחר,F,לא סודי,PT,אחוזים,0,יחידות,2008-12,2.5,,
MNT_RIB_BOI_D,ריבית בנק ישראל,M,חודשי,RIB_BOI,ריבית בנק מרכזי מוצהרת נומינלית,BOI,בנק ישראל,V,אחר,F,לא סודי,PT,אחוזים,0,יחידות,2009-01,1.75,,
MNT_RIB_BOI_D,ריבית בנק ישראל,M,חודשי,RIB_BOI,ריבית בנק מרכזי מוצהרת נומינלית,BOI,בנק ישראל,V,אחר,F,לא סודי,PT,אחוזים,0,יחידות,2009-02,1,,
MNT_RIB_BOI_D,ריבית בנק ישראל,M,חודשי,RIB_BOI,ריבית בנק מרכזי מוצהרת נומינלית,BOI,בנק ישראל,V,אחר,F,לא סודי,PT,אחוזים,0,יחידות,2009-03,0.75,,
MNT_RIB_BOI_D,ריבית בנק ישראל,M,חודשי,RIB_BOI,ריבית בנק מרכזי מוצהרת נומינלית,BOI,בנק ישראל,V,אחר,F,לא סודי,PT,אחוזים,0,יחידות,2009-04,0.5,,
MNT_RIB_BOI_D,ריבית בנק ישראל,M,חודשי,RIB_BOI,ריבית בנק מרכזי מוצהרת נומינלית,BOI,בנק ישראל,V,אחר,F,לא סודי,PT,אחוזים,0,יחידות,2009-05,0.5,,
MNT_RIB_BOI_D,ריבית בנק ישראל,M,חודשי,RIB_BOI,ריבית בנק מרכזי מוצהרת נומינלית,BOI,בנק ישראל,V,אחר,F,לא סודי,PT,אחוזים,0,יחידות,2009-06,0.5,,
MNT_RIB_BOI_D,ריבית בנק ישראל,M,חודשי,RIB_BOI,ריבית בנק מרכזי מוצהרת נומינלית,BOI,בנק ישראל,V,אחר,F,לא סודי,PT,אחוזים,0,יחידות,2009-07,0.5,,
MNT_RIB_BOI_D,ריבית בנק ישראל,M,חודשי,RIB_BOI,ריבית בנק מרכזי מוצהרת נומינלית,BOI,בנק ישראל,V,אחר,F,לא סודי,PT,אחוזים,0,יחידות,2009-08,0.5,,
MNT_RIB_BOI_D,ריבית בנק ישראל,M,חודשי,RIB_BOI,ריבית בנק מרכזי מוצהרת נומינלית,BOI,בנק ישראל,V,אחר,F,לא סודי,PT,אחוזים,0,יחידות,2009-09,0.75,,
MNT_RIB_BOI_D,ריבית בנק ישראל,M,חודשי,RIB_BOI,ריבית בנק מרכזי מוצהרת נומינלית,BOI,בנק ישראל,V,אחר,F,לא סודי,PT,אחוזים,0,יחידות,2009-10,0.75,,
MNT_RIB_BOI_D,ריבית בנק ישראל,M,חודשי,RIB_BOI,ריבית בנק מרכזי מוצהרת נומינלית,BOI,בנק ישראל,V,אחר,F,לא סודי,PT,אחוזים,0,יחידות,2009-11,0.75,,
MNT_RIB_BOI_D,ריבית בנק ישראל,M,חודשי,RIB_BOI,ריבית בנק מרכזי מוצהרת נומינלית,BOI,בנק ישראל,V,אחר,F,לא סודי,PT,אחוזים,0,יחידות,2009-12,1,,
MNT_RIB_BOI_D,ריבית בנק ישראל,M,חודשי,RIB_BOI,ריבית בנק מרכזי מוצהרת נומינלית,BOI,בנק ישראל,V,אחר,F,לא סודי,PT,אחוזים,0,יחידות,2010-01,1.25,,
MNT_RIB_BOI_D,ריבית בנק ישראל,M,חודשי,RIB_BOI,ריבית בנק מרכזי מוצהרת נומינלית,BOI,בנק ישראל,V,אחר,F,לא סודי,PT,אחוזים,0,יחידות,2010-02,1.25,,
MNT_RIB_BOI_D,ריבית בנק ישראל,M,חודשי,RIB_BOI,ריבית בנק מרכזי מוצהרת נומינלית,BOI,בנק ישראל,V,אחר,F,לא סודי,PT,אחוזים,0,יחידות,2010-03,1.25,,
MNT_RIB_BOI_D,ריבית בנק ישראל,M,חודשי,RIB_BOI,ריבית בנק מרכזי מוצהרת נומינלית,BOI,בנק ישראל,V,אחר,F,לא סודי,PT,אחוזים,0,יחידות,2010-04,1.5,,
MNT_RIB_BOI_D,ריבית בנק ישראל,M,חודשי,RIB_BOI,ריבית בנק מרכזי מוצהרת נומינלית,BOI,בנק ישראל,V,אחר,F,לא סודי,PT,אחוזים,0,יחידות,2010-05,1.5,,
MNT_RIB_BOI_D,ריבית בנק ישראל,M,חודשי,RIB_BOI,ריבית בנק מרכזי מוצהרת נומינלית,BOI,בנק ישראל,V,אחר,F,לא סודי,PT,אחוזים,0,יחידות,2010-06,1.5,,
MNT_RIB_BOI_D,ריבית בנק ישראל,M,חודשי,RIB_BOI,ריבית בנק מרכזי מוצהרת נומינלית,BOI,בנק ישראל,V,אחר,F,לא סודי,PT,אחוזים,0,יחידות,2010-07,1.5,,
MNT_RIB_BOI_D,ריבית בנק ישראל,M,חודשי,RIB_BOI,ריבית בנק מרכזי מוצהרת נומינלית,BOI,בנק ישראל,V,אחר,F,לא סודי,PT,אחוזים,0,יחידות,2010-08,1.75,,
MNT_RIB_BOI_D,ריבית בנק ישראל,M,חודשי,RIB_BOI,ריבית בנק מרכזי מוצהרת נומינלית,BOI,בנק ישראל,V,אחר,F,לא סודי,PT,אחוזים,0,יחידות,2010-09,1.75,,
MNT_RIB_BOI_D,ריבית בנק ישראל,M,חודשי,RIB_BOI,ריבית בנק מרכזי מוצהרת נומינלית,BOI,בנק ישראל,V,אחר,F,לא סודי,PT,אחוזים,0,יחידות,2010-10,2,,
MNT_RIB_BOI_D,ריבית בנק ישראל,M,חודשי,RIB_BOI,ריבית בנק מרכזי מוצהרת נומינלית,BOI,בנק ישראל,V,אחר,F,לא סודי,PT,אחוזים,0,יחידות,2010-11,2,,
MNT_RIB_BOI_D,ריבית בנק ישראל,M,חודשי,RIB_BOI,ריבית בנק מרכזי מוצהרת נומינלית,BOI,בנק ישראל,V,אחר,F,לא סודי,PT,אחוזים,0,יחידות,2010-12,2,,
MNT_RIB_BOI_D,ריבית בנק ישראל,M,חודשי,RIB_BOI,ריבית בנק מרכזי מוצהרת נומינלית,BOI,בנק ישראל,V,אחר,F,לא סודי,PT,אחוזים,0,יחידות,2011-01,2,,
MNT_RIB_BOI_D,ריבית בנק ישראל,M,חודשי,RIB_BOI,ריבית בנק מרכזי מוצהרת נומינלית,BOI,בנק ישראל,V,אחר,F,לא סודי,PT,אחוזים,0,יחידות,2011-02,2.25,,
MNT_RIB_BOI_D,ריבית בנק ישראל,M,חודשי,RIB_BOI,ריבית בנק מרכזי מוצהרת נומינלית,BOI,בנק ישראל,V,אחר,F,לא סודי,PT,אחוזים,0,יחידות,2011-03,2.5,,
MNT_RIB_BOI_D,ריבית בנק ישראל,M,חודשי,RIB_BOI,ריבית בנק מרכזי מוצהרת נומינלית,BOI,בנק ישראל,V,אחר,F,לא סודי,PT,אחוזים,0,יחידות,2011-04,3,,
MNT_RIB_BOI_D,ריבית בנק ישראל,M,חודשי,RIB_BOI,ריבית בנק מרכזי מוצהרת נומינלית,BOI,בנק ישראל,V,אחר,F,לא סודי,PT,אחוזים,0,יחידות,2011-05,3,,
MNT_RIB_BOI_D,ריבית בנק ישראל,M,חודשי,RIB_BOI,ריבית בנק מרכזי מוצהרת נומינלית,BOI,בנק ישראל,V,אחר,F,לא סודי,PT,אחוזים,0,יחידות,2011-06,3.25,,
MNT_RIB_BOI_D,ריבית בנק ישראל,M,חודשי,RIB_BOI,ריבית בנק מרכזי מוצהרת נומינלית,BOI,בנק ישראל,V,אחר,F,לא סודי,PT,אחוזים,0,יחידות,2011-07,3.25,,
MNT_RIB_BOI_D,ריבית בנק ישראל,M,חודשי,RIB_BOI,ריבית בנק מרכזי מוצהרת נומינלית,BOI,בנק ישראל,V,אחר,F,לא סודי,PT,אחוזים,0,יחידות,2011-08,3.25,,
MNT_RIB_BOI_D,ריבית בנק ישראל,M,חודשי,RIB_BOI,ריבית בנק מרכזי מוצהרת נומינלית,BOI,בנק ישראל,V,אחר,F,לא סודי,PT,אחוזים,0,יחידות,2011-09,3.25,,
MNT_RIB_BOI_D,ריבית בנק ישראל,M,חודשי,RIB_BOI,ריבית בנק מרכזי מוצהרת נומינלית,BOI,בנק ישראל,V,אחר,F,לא סודי,PT,אחוזים,0,יחידות,2011-10,3,,
MNT_RIB_BOI_D,ריבית בנק ישראל,M,חודשי,RIB_BOI,ריבית בנק מרכזי מוצהרת נומינלית,BOI,בנק ישראל,V,אחר,F,לא סודי,PT,אחוזים,0,יחידות,2011-11,3,,
MNT_RIB_BOI_D,ריבית בנק ישראל,M,חודשי,RIB_BOI,ריבית בנק מרכזי מוצהרת נומינלית,BOI,בנק ישראל,V,אחר,F,לא סודי,PT,אחוזים,0,יחידות,2011-12,2.75,,
MNT_RIB_BOI_D,ריבית בנק ישראל,M,חודשי,RIB_BOI,ריבית בנק מרכזי מוצהרת נומינלית,BOI,בנק ישראל,V,אחר,F,לא סודי,PT,אחוזים,0,יחידות,2012-01,2.75,,
MNT_RIB_BOI_D,ריבית בנק ישראל,M,חודשי,RIB_BOI,ריבית בנק מרכזי מוצהרת נומינלית,BOI,בנק ישראל,V,אחר,F,לא סודי,PT,אחוזים,0,יחידות,2012-02,2.5,,
MNT_RIB_BOI_D,ריבית בנק ישראל,M,חודשי,RIB_BOI,ריבית בנק מרכזי מוצהרת נומינלית,BOI,בנק ישראל,V,אחר,F,לא סודי,PT,אחוזים,0,יחידות,2012-03,2.5,,
MNT_RIB_BOI_D,ריבית בנק ישראל,M,חודשי,RIB_BOI,ריבית בנק מרכזי מוצהרת נומינלית,BOI,בנק ישראל,V,אחר,F,לא סודי,PT,אחוזים,0,יחידות,2012-04,2.5,,
MNT_RIB_BOI_D,ריבית בנק ישראל,M,חודשי,RIB_BOI,ריבית בנק מרכזי מוצהרת נומינלית,BOI,בנק ישראל,V,אחר,F,לא סודי,PT,אחוזים,0,יחידות,2012-05,2.5,,
MNT_RIB_BOI_D,ריבית בנק ישראל,M,חודשי,RIB_BOI,ריבית בנק מרכזי מוצהרת נומינלית,BOI,בנק ישראל,V,אחר,F,לא סודי,PT,אחוזים,0,יחידות,2012-06,2.5,,
MNT_RIB_BOI_D,ריבית בנק ישראל,M,חודשי,RIB_BOI,ריבית בנק מרכזי מוצהרת נומינלית,BOI,בנק ישראל,V,אחר,F,לא סודי,PT,אחוזים,0,יחידות,2012-07,2.25,,
MNT_RIB_BOI_D,ריבית בנק ישראל,M,חודשי,RIB_BOI,ריבית בנק מרכזי מוצהרת נומינלית,BOI,בנק ישראל,V,אחר,F,לא סודי,PT,אחוזים,0,יחידות,2012-08,2.25,,
MNT_RIB_BOI_D,ריבית בנק ישראל,M,חודשי,RIB_BOI,ריבית בנק מרכזי מוצהרת נומינלית,BOI,בנק ישראל,V,אחר,F,לא סודי,PT,אחוזים,0,יחידות,2012-09,2.25,,
MNT_RIB_BOI_D,ריבית בנק ישראל,M,חודשי,RIB_BOI,ריבית בנק מרכזי מוצהרת נומינלית,BOI,בנק ישראל,V,אחר,F,לא סודי,PT,אחוזים,0,יחידות,2012-10,2.25,,
MNT_RIB_BOI_D,ריבית בנק ישראל,M,חודשי,RIB_BOI,ריבית בנק מרכזי מוצהרת נומינלית,BOI,בנק ישראל,V,אחר,F,לא סודי,PT,אחוזים,0,יחידות,2012-11,2,,
MNT_RIB_BOI_D,ריבית בנק ישראל,M,חודשי,RIB_BOI,ריבית בנק מרכזי מוצהרת נומינלית,BOI,בנק ישראל,V,אחר,F,לא סודי,PT,אחוזים,0,יחידות,2012-12,2,,
MNT_RIB_BOI_D,ריבית בנק ישראל,M,חודשי,RIB_BOI,ריבית בנק מרכזי מוצהרת נומינלית,BOI,בנק ישראל,V,אחר,F,לא סודי,PT,אחוזים,0,יחידות,2013-01,1.75,,
MNT_RIB_BOI_D,ריבית בנק ישראל,M,חודשי,RIB_BOI,ריבית בנק מרכזי מוצהרת נומינלית,BOI,בנק ישראל,V,אחר,F,לא סודי,PT,אחוזים,0,יחידות,2013-02,1.75,,
MNT_RIB_BOI_D,ריבית בנק ישראל,M,חודשי,RIB_BOI,ריבית בנק מרכזי מוצהרת נומינלית,BOI,בנק ישראל,V,אחר,F,לא סודי,PT,אחוזים,0,יחידות,2013-03,1.75,,
MNT_RIB_BOI_D,ריבית בנק ישראל,M,חודשי,RIB_BOI,ריבית בנק מרכזי מוצהרת נומינלית,BOI,בנק ישראל,V,אחר,F,לא סודי,PT,אחוזים,0,יחידות,2013-04,1.75,,
MNT_RIB_BOI_D,ריבית בנק ישראל,M,חודשי,RIB_BOI,ריבית בנק מרכזי מוצהרת נומינלית,BOI,בנק ישראל,V,אחר,F,לא סודי,PT,אחוזים,0,יחידות,2013-05,1.75,,
MNT_RIB_BOI_D,ריבית בנק ישראל,M,חודשי,RIB_BOI,ריבית בנק מרכזי מוצהרת נומינלית,BOI,בנק ישראל,V,אחר,F,לא סודי,PT,אחוזים,0,יחידות,2013-06,1.25,,
MNT_RIB_BOI_D,ריבית בנק ישראל,M,חודשי,RIB_BOI,ריבית בנק מרכזי מוצהרת נומינלית,BOI,בנק ישראל,V,אחר,F,לא סודי,PT,אחוזים,0,יחידות,2013-07,1.25,,
MNT_RIB_BOI_D,ריבית בנק ישראל,M,חודשי,RIB_BOI,ריבית בנק מרכזי מוצהרת נומינלית,BOI,בנק ישראל,V,אחר,F,לא סודי,PT,אחוזים,0,יחידות,2013-08,1.25,,
MNT_RIB_BOI_D,ריבית בנק ישראל,M,חודשי,RIB_BOI,ריבית בנק מרכזי מוצהרת נומינלית,BOI,בנק ישראל,V,אחר,F,לא סודי,PT,אחוזים,0,יחידות,2013-09,1.25,,
MNT_RIB_BOI_D,ריבית בנק ישראל,M,חודשי,RIB_BOI,ריבית בנק מרכזי מוצהרת נומינלית,BOI,בנק ישראל,V,אחר,F,לא סודי,PT,אחוזים,0,יחידות,2013-10,1,,
MNT_RIB_BOI_D,ריבית בנק ישראל,M,חודשי,RIB_BOI,ריבית בנק מרכזי מוצהרת נומינלית,BOI,בנק ישראל,V,אחר,F,לא סודי,PT,אחוזים,0,יחידות,2013-11,1,,
MNT_RIB_BOI_D,ריבית בנק ישראל,M,חודשי,RIB_BOI,ריבית בנק מרכזי מוצהרת נומינלית,BOI,בנק ישראל,V,אחר,F,לא סודי,PT,אחוזים,0,יחידות,2013-12,1,,
MNT_RIB_BOI_D,ריבית בנק ישראל,M,חודשי,RIB_BOI,ריבית בנק מרכזי מוצהרת נומינלית,BOI,בנק ישראל,V,אחר,F,לא סודי,PT,אחוזים,0,יחידות,2014-01,1,,
MNT_RIB_BOI_D,ריבית בנק ישראל,M,חודשי,RIB_BOI,ריבית בנק מרכזי מוצהרת נומינלית,BOI,בנק ישראל,V,אחר,F,לא סודי,PT,אחוזים,0,יחידות,2014-02,1,,
MNT_RIB_BOI_D,ריבית בנק ישראל,M,חודשי,RIB_BOI,ריבית בנק מרכזי מוצהרת נומינלית,BOI,בנק ישראל,V,אחר,F,לא סודי,PT,אחוזים,0,יחידות,2014-03,0.75,,
MNT_RIB_BOI_D,ריבית בנק ישראל,M,חודשי,RIB_BOI,ריבית בנק מרכזי מוצהרת נומינלית,BOI,בנק ישראל,V,אחר,F,לא סודי,PT,אחוזים,0,יחידות,2014-04,0.75,,
MNT_RIB_BOI_D,ריבית בנק ישראל,M,חודשי,RIB_BOI,ריבית בנק מרכזי מוצהרת נומינלית,BOI,בנק ישראל,V,אחר,F,לא סודי,PT,אחוזים,0,יחידות,2014-05,0.75,,
MNT_RIB_BOI_D,ריבית בנק ישראל,M,חודשי,RIB_BOI,ריבית בנק מרכזי מוצהרת נומינלית,BOI,בנק ישראל,V,אחר,F,לא סודי,PT,אחוזים,0,יחידות,2014-06,0.75,,
MNT_RIB_BOI_D,ריבית בנק ישראל,M,חודשי,RIB_BOI,ריבית בנק מרכזי מוצהרת נומינלית,BOI,בנק ישראל,V,אחר,F,לא סודי,PT,אחוזים,0,יחידות,2014-07,0.75,,
MNT_RIB_BOI_D,ריבית בנק ישראל,M,חודשי,RIB_BOI,ריבית בנק מרכזי מוצהרת נומינלית,BOI,בנק ישראל,V,אחר,F,לא סודי,PT,אחוזים,0,יחידות,2014-08,0.5,,
MNT_RIB_BOI_D,ריבית בנק ישראל,M,חודשי,RIB_BOI,ריבית בנק מרכזי מוצהרת נומינלית,BOI,בנק ישראל,V,אחר,F,לא סודי,PT,אחוזים,0,יחידות,2014-09,0.25,,
MNT_RIB_BOI_D,ריבית בנק ישראל,M,חודשי,RIB_BOI,ריבית בנק מרכזי מוצהרת נומינלית,BOI,בנק ישראל,V,אחר,F,לא סודי,PT,אחוזים,0,יחידות,2014-10,0.25,,
MNT_RIB_BOI_D,ריבית בנק ישראל,M,חודשי,RIB_BOI,ריבית בנק מרכזי מוצהרת נומינלית,BOI,בנק ישראל,V,אחר,F,לא סודי,PT,אחוזים,0,יחידות,2014-11,0.25,,
MNT_RIB_BOI_D,ריבית בנק ישראל,M,חודשי,RIB_BOI,ריבית בנק מרכזי מוצהרת נומינלית,BOI,בנק ישראל,V,אחר,F,לא סודי,PT,אחוזים,0,יחידות,2014-12,0.25,,
MNT_RIB_BOI_D,ריבית בנק ישראל,M,חודשי,RIB_BOI,ריבית בנק מרכזי מוצהרת נומינלית,BOI,בנק ישראל,V,אחר,F,לא סודי,PT,אחוזים,0,יחידות,2015-01,0.25,,
MNT_RIB_BOI_D,ריבית בנק ישראל,M,חודשי,RIB_BOI,ריבית בנק מרכזי מוצהרת נומינלית,BOI,בנק ישראל,V,אחר,F,לא סודי,PT,אחוזים,0,יחידות,2015-02,0.25,,
MNT_RIB_BOI_D,ריבית בנק ישראל,M,חודשי,RIB_BOI,ריבית בנק מרכזי מוצהרת נומינלית,BOI,בנק ישראל,V,אחר,F,לא סודי,PT,אחוזים,0,יחידות,2015-03,0.1,,
MNT_RIB_BOI_D,ריבית בנק ישראל,M,חודשי,RIB_BOI,ריבית בנק מרכזי מוצהרת נומינלית,BOI,בנק ישראל,V,אחר,F,לא סודי,PT,אחוזים,0,יחידות,2015-04,0.1,,
MNT_RIB_BOI_D,ריבית בנק ישראל,M,חודשי,RIB_BOI,ריבית בנק מרכזי מוצהרת נומינלית,BOI,בנק ישראל,V,אחר,F,לא סודי,PT,אחוזים,0,יחידות,2015-05,0.1,,
MNT_RIB_BOI_D,ריבית בנק ישראל,M,חודשי,RIB_BOI,ריבית בנק מרכזי מוצהרת נומינלית,BOI,בנק ישראל,V,אחר,F,לא סודי,PT,אחוזים,0,יחידות,2015-06,0.1,,
MNT_RIB_BOI_D,ריבית בנק ישראל,M,חודשי,RIB_BOI,ריבית בנק מרכזי מוצהרת נומינלית,BOI,בנק ישראל,V,אחר,F,לא סודי,PT,אחוזים,0,יחידות,2015-07,0.1,,
MNT_RIB_BOI_D,ריבית בנק ישראל,M,חודשי,RIB_BOI,ריבית בנק מרכזי מוצהרת נומינלית,BOI,בנק ישראל,V,אחר,F,לא סודי,PT,אחוזים,0,יחידות,2015-08,0.1,,
MNT_RIB_BOI_D,ריבית בנק ישראל,M,חודשי,RIB_BOI,ריבית בנק מרכזי מוצהרת נומינלית,BOI,בנק ישראל,V,אחר,F,לא סודי,PT,אחוזים,0,יחידות,2015-09,0.1,,
MNT_RIB_BOI_D,ריבית בנק ישראל,M,חודשי,RIB_BOI,ריבית בנק מרכזי מוצהרת נומינלית,BOI,בנק ישראל,V,אחר,F,לא סודי,PT,אחוזים,0,יחידות,2015-10,0.1,,
MNT_RIB_BOI_D,ריבית בנק ישראל,M,חודשי,RIB_BOI,ריבית בנק מרכזי מוצהרת נומינלית,BOI,בנק ישראל,V,אחר,F,לא סודי,PT,אחוזים,0,יחידות,2015-11,0.1,,
MNT_RIB_BOI_D,ריבית בנק ישראל,M,חודשי,RIB_BOI,ריבית בנק מרכזי מוצהרת נומינלית,BOI,בנק ישראל,V,אחר,F,לא סודי,PT,אחוזים,0,יחידות,2015-12,0.1,,
MNT_RIB_BOI_D,ריבית בנק ישראל,M,חודשי,RIB_BOI,ריבית בנק מרכזי מוצהרת נומינלית,BOI,בנק ישראל,V,אחר,F,לא סודי,PT,אחוזים,0,יחידות,2016-01,0.1,,
MNT_RIB_BOI_D,ריבית בנק ישראל,M,חודשי,RIB_BOI,ריבית בנק מרכזי מוצהרת נומינלית,BOI,בנק ישראל,V,אחר,F,לא סודי,PT,אחוזים,0,יחידות,2016-02,0.1,,
MNT_RIB_BOI_D,ריבית בנק ישראל,M,חודשי,RIB_BOI,ריבית בנק מרכזי מוצהרת נומינלית,BOI,בנק ישראל,V,אחר,F,לא סודי,PT,אחוזים,0,יחידות,2016-03,0.1,,
MNT_RIB_BOI_D,ריבית בנק ישראל,M,חודשי,RIB_BOI,ריבית בנק מרכזי מוצהרת נומינלית,BOI,בנק ישראל,V,אחר,F,לא סודי,PT,אחוזים,0,יחידות,2016-04,0.1,,
MNT_RIB_BOI_D,ריבית בנק ישראל,M,חודשי,RIB_BOI,ריבית בנק מרכזי מוצהרת נומינלית,BOI,בנק ישראל,V,אחר,F,לא סודי,PT,אחוזים,0,יחידות,2016-05,0.1,,
MNT_RIB_BOI_D,ריבית בנק ישראל,M,חודשי,RIB_BOI,ריבית בנק מרכזי מוצהרת נומינלית,BOI,בנק ישראל,V,אחר,F,לא סודי,PT,אחוזים,0,יחידות,2016-06,0.1,,
MNT_RIB_BOI_D,ריבית בנק ישראל,M,חודשי,RIB_BOI,ריבית בנק מרכזי מוצהרת נומינלית,BOI,בנק ישראל,V,אחר,F,לא סודי,PT,אחוזים,0,יחידות,2016-07,0.1,,
MNT_RIB_BOI_D,ריבית בנק ישראל,M,חודשי,RIB_BOI,ריבית בנק מרכזי מוצהרת נומינלית,BOI,בנק ישראל,V,אחר,F,לא סודי,PT,אחוזים,0,יחידות,2016-08,0.1,,
MNT_RIB_BOI_D,ריבית בנק ישראל,M,חודשי,RIB_BOI,ריבית בנק מרכזי מוצהרת נומינלית,BOI,בנק ישראל,V,אחר,F,לא סודי,PT,אחוזים,0,יחידות,2016-09,0.1,,
MNT_RIB_BOI_D,ריבית בנק ישראל,M,חודשי,RIB_BOI,ריבית בנק מרכזי מוצהרת נומינלית,BOI,בנק ישראל,V,אחר,F,לא סודי,PT,אחוזים,0,יחידות,2016-10,0.1,,
MNT_RIB_BOI_D,ריבית בנק ישראל,M,חודשי,RIB_BOI,ריבית בנק מרכזי מוצהרת נומינלית,BOI,בנק ישראל,V,אחר,F,לא סודי,PT,אחוזים,0,יחידות,2016-11,0.1,,
MNT_RIB_BOI_D,ריבית בנק ישראל,M,חודשי,RIB_BOI,ריבית בנק מרכזי מוצהרת נומינלית,BOI,בנק ישראל,V,אחר,F,לא סודי,PT,אחוזים,0,יחידות,2016-12,0.1,,
MNT_RIB_BOI_D,ריבית בנק ישראל,M,חודשי,RIB_BOI,ריבית בנק מרכזי מוצהרת נומינלית,BOI,בנק ישראל,V,אחר,F,לא סודי,PT,אחוזים,0,יחידות,2017-01,0.1,,
MNT_RIB_BOI_D,ריבית בנק ישראל,M,חודשי,RIB_BOI,ריבית בנק מרכזי מוצהרת נומינלית,BOI,בנק ישראל,V,אחר,F,לא סודי,PT,אחוזים,0,יחידות,2017-02,0.1,,
MNT_RIB_BOI_D,ריבית בנק ישראל,M,חודשי,RIB_BOI,ריבית בנק מרכזי מוצהרת נומינלית,BOI,בנק ישראל,V,אחר,F,לא סודי,PT,אחוזים,0,יחידות,2017-03,0.1,,
MNT_RIB_BOI_D,ריבית בנק ישראל,M,חודשי,RIB_BOI,ריבית בנק מרכזי מוצהרת נומינלית,BOI,בנק ישראל,V,אחר,F,לא סודי,PT,אחוזים,0,יחידות,2017-04,0.1,,
MNT_RIB_BOI_D,ריבית בנק ישראל,M,חודשי,RIB_BOI,ריבית בנק מרכזי מוצהרת נומינלית,BOI,בנק ישראל,V,אחר,F,לא סודי,PT,אחוזים,0,יחידות,2017-05,0.1,,
MNT_RIB_BOI_D,ריבית בנק ישראל,M,חודשי,RIB_BOI,ריבית בנק מרכזי מוצהרת נומינלית,BOI,בנק ישראל,V,אחר,F,לא סודי,PT,אחוזים,0,יחידות,2017-06,0.1,,
MNT_RIB_BOI_D,ריבית בנק ישראל,M,חודשי,RIB_BOI,ריבית בנק מרכזי מוצהרת נומינלית,BOI,בנק ישראל,V,אחר,F,לא סודי,PT,אחוזים,0,יחידות,2017-07,0.1,,
MNT_RIB_BOI_D,ריבית בנק ישראל,M,חודשי,RIB_BOI,ריבית בנק מרכזי מוצהרת נומינלית,BOI,בנק ישראל,V,אחר,F,לא סודי,PT,אחוזים,0,יחידות,2017-08,0.1,,
MNT_RIB_BOI_D,ריבית בנק ישראל,M,חודשי,RIB_BOI,ריבית בנק מרכזי מוצהרת נומינלית,BOI,בנק ישראל,V,אחר,F,לא סודי,PT,אחוזים,0,יחידות,2017-09,0.1,,
MNT_RIB_BOI_D,ריבית בנק ישראל,M,חודשי,RIB_BOI,ריבית בנק מרכזי מוצהרת נומינלית,BOI,בנק ישראל,V,אחר,F,לא סודי,PT,אחוזים,0,יחידות,2017-10,0.1,,
MNT_RIB_BOI_D,ריבית בנק ישראל,M,חודשי,RIB_BOI,ריבית בנק מרכזי מוצהרת נומינלית,BOI,בנק ישראל,V,אחר,F,לא סודי,PT,אחוזים,0,יחידות,2017-11,0.1,,
MNT_RIB_BOI_D,ריבית בנק ישראל,M,חודשי,RIB_BOI,ריבית בנק מרכזי מוצהרת נומינלית,BOI,בנק ישראל,V,אחר,F,לא סודי,PT,אחוזים,0,יחידות,2017-12,0.1,,
MNT_RIB_BOI_D,ריבית בנק ישראל,M,חודשי,RIB_BOI,ריבית בנק מרכזי מוצהרת נומינלית,BOI,בנק ישראל,V,אחר,F,לא סודי,PT,אחוזים,0,יחידות,2018-01,0.1,,
MNT_RIB_BOI_D,ריבית בנק ישראל,M,חודשי,RIB_BOI,ריבית בנק מרכזי מוצהרת נומינלית,BOI,בנק ישראל,V,אחר,F,לא סודי,PT,אחוזים,0,יחידות,2018-02,0.1,,
MNT_RIB_BOI_D,ריבית בנק ישראל,M,חודשי,RIB_BOI,ריבית בנק מרכזי מוצהרת נומינלית,BOI,בנק ישראל,V,אחר,F,לא סודי,PT,אחוזים,0,יחידות,2018-03,0.1,,
MNT_RIB_BOI_D,ריבית בנק ישראל,M,חודשי,RIB_BOI,ריבית בנק מרכזי מוצהרת נומינלית,BOI,בנק ישראל,V,אחר,F,לא סודי,PT,אחוזים,0,יחידות,2018-04,0.1,,
MNT_RIB_BOI_D,ריבית בנק ישראל,M,חודשי,RIB_BOI,ריבית בנק מרכזי מוצהרת נומינלית,BOI,בנק ישראל,V,אחר,F,לא סודי,PT,אחוזים,0,יחידות,2018-05,0.1,,
MNT_RIB_BOI_D,ריבית בנק ישראל,M,חודשי,RIB_BOI,ריבית בנק מרכזי מוצהרת נומינלית,BOI,בנק ישראל,V,אחר,F,לא סודי,PT,אחוזים,0,יחידות,2018-06,0.1,,
MNT_RIB_BOI_D,ריבית בנק ישראל,M,חודשי,RIB_BOI,ריבית בנק מרכזי מוצהרת נומינלית,BOI,בנק ישראל,V,אחר,F,לא סודי,PT,אחוזים,0,יחידות,2018-07,0.1,,
MNT_RIB_BOI_D,ריבית בנק ישראל,M,חודשי,RIB_BOI,ריבית בנק מרכזי מוצהרת נומינלית,BOI,בנק ישראל,V,אחר,F,לא סודי,PT,אחוזים,0,יחידות,2018-08,0.1,,
MNT_RIB_BOI_D,ריבית בנק ישראל,M,חודשי,RIB_BOI,ריבית בנק מרכזי מוצהרת נומינלית,BOI,בנק ישראל,V,אחר,F,לא סודי,PT,אחוזים,0,יחידות,2018-09,0.1,,
MNT_RIB_BOI_D,ריבית בנק ישראל,M,חודשי,RIB_BOI,ריבית בנק מרכזי מוצהרת נומינלית,BOI,בנק ישראל,V,אחר,F,לא סודי,PT,אחוזים,0,יחידות,2018-10,0.1,,
MNT_RIB_BOI_D,ריבית בנק ישראל,M,חודשי,RIB_BOI,ריבית בנק מרכזי מוצהרת נומינלית,BOI,בנק ישראל,V,אחר,F,לא סודי,PT,אחוזים,0,יחידות,2018-11,0.1,,
MNT_RIB_BOI_D,ריבית בנק ישראל,M,חודשי,RIB_BOI,ריבית בנק מרכזי מוצהרת נומינלית,BOI,בנק ישראל,V,אחר,F,לא סודי,PT,אחוזים,0,יחידות,2018-12,0.25,,
MNT_RIB_BOI_D,ריבית בנק ישראל,M,חודשי,RIB_BOI,ריבית בנק מרכזי מוצהרת נומינלית,BOI,בנק ישראל,V,אחר,F,לא סודי,PT,אחוזים,0,יחידות,2019-01,0.25,,
MNT_RIB_BOI_D,ריבית בנק ישראל,M,חודשי,RIB_BOI,ריבית בנק מרכזי מוצהרת נומינלית,BOI,בנק ישראל,V,אחר,F,לא סודי,PT,אחוזים,0,יחידות,2019-02,0.25,,
MNT_RIB_BOI_D,ריבית בנק ישראל,M,חודשי,RIB_BOI,ריבית בנק מרכזי מוצהרת נומינלית,BOI,בנק ישראל,V,אחר,F,לא סודי,PT,אחוזים,0,יחידות,2019-03,0.25,,
MNT_RIB_BOI_D,ריבית בנק ישראל,M,חודשי,RIB_BOI,ריבית בנק מרכזי מוצהרת נומינלית,BOI,בנק ישראל,V,אחר,F,לא סודי,PT,אחוזים,0,יחידות,2019-04,0.25,,
MNT_RIB_BOI_D,ריבית בנק ישראל,M,חודשי,RIB_BOI,ריבית בנק מרכזי מוצהרת נומינלית,BOI,בנק ישראל,V,אחר,F,לא סודי,PT,אחוזים,0,יחידות,2019-05,0.25,,
MNT_RIB_BOI_D,ריבית בנק ישראל,M,חודשי,RIB_BOI,ריבית בנק מרכזי מוצהרת נומינלית,BOI,בנק ישראל,V,אחר,F,לא סודי,PT,אחוזים,0,יחידות,2019-06,0.25,,
MNT_RIB_BOI_D,ריבית בנק ישראל,M,חודשי,RIB_BOI,ריבית בנק מרכזי מוצהרת נומינלית,BOI,בנק ישראל,V,אחר,F,לא סודי,PT,אחוזים,0,יחידות,2019-07,0.25,,
MNT_RIB_BOI_D,ריבית בנק ישראל,M,חודשי,RIB_BOI,ריבית בנק מרכזי מוצהרת נומינלית,BOI,בנק ישראל,V,אחר,F,לא סודי,PT,אחוזים,0,יחידות,2019-08,0.25,,
MNT_RIB_BOI_D,ריבית בנק ישראל,M,חודשי,RIB_BOI,ריבית בנק מרכזי מוצהרת נומינלית,BOI,בנק ישראל,V,אחר,F,לא סודי,PT,אחוזים,0,יחידות,2019-09,0.25,,
MNT_RIB_BOI_D,ריבית בנק ישראל,M,חודשי,RIB_BOI,ריבית בנק מרכזי מוצהרת נומינלית,BOI,בנק ישראל,V,אחר,F,לא סודי,PT,אחוזים,0,יחידות,2019-10,0.25,,
MNT_RIB_BOI_D,ריבית בנק ישראל,M,חודשי,RIB_BOI,ריבית בנק מרכזי מוצהרת נומינלית,BOI,בנק ישראל,V,אחר,F,לא סודי,PT,אחוזים,0,יחידות,2019-11,0.25,,
MNT_RIB_BOI_D,ריבית בנק ישראל,M,חודשי,RIB_BOI,ריבית בנק מרכזי מוצהרת נומינלית,BOI,בנק ישראל,V,אחר,F,לא סודי,PT,אחוזים,0,יחידות,2019-12,0.25,,
MNT_RIB_BOI_D,ריבית בנק ישראל,M,חודשי,RIB_BOI,ריבית בנק מרכזי מוצהרת נומינלית,BOI,בנק ישראל,V,אחר,F,לא סודי,PT,אחוזים,0,יחידות,2020-01,0.25,,
MNT_RIB_BOI_D,ריבית בנק ישראל,M,חודשי,RIB_BOI,ריבית בנק מרכזי מוצהרת נומינלית,BOI,בנק ישראל,V,אחר,F,לא סודי,PT,אחוזים,0,יחידות,2020-02,0.25,,
MNT_RIB_BOI_D,ריבית בנק ישראל,M,חודשי,RIB_BOI,ריבית בנק מרכזי מוצהרת נומינלית,BOI,בנק ישראל,V,אחר,F,לא סודי,PT,אחוזים,0,יחידות,2020-03,0.25,,
MNT_RIB_BOI_D,ריבית בנק ישראל,M,חודשי,RIB_BOI,ריבית בנק מרכזי מוצהרת נומינלית,BOI,בנק ישראל,V,אחר,F,לא סודי,PT,אחוזים,0,יחידות,2020-04,0.1,,
MNT_RIB_BOI_D,ריבית בנק ישראל,M,חודשי,RIB_BOI,ריבית בנק מרכזי מוצהרת נומינלית,BOI,בנק ישראל,V,אחר,F,לא סודי,PT,אחוזים,0,יחידות,2020-05,0.1,,
MNT_RIB_BOI_D,ריבית בנק ישראל,M,חודשי,RIB_BOI,ריבית בנק מרכזי מוצהרת נומינלית,BOI,בנק ישראל,V,אחר,F,לא סודי,PT,אחוזים,0,יחידות,2020-06,0.1,,
MNT_RIB_BOI_D,ריבית בנק ישראל,M,חודשי,RIB_BOI,ריבית בנק מרכזי מוצהרת נומינלית,BOI,בנק ישראל,V,אחר,F,לא סודי,PT,אחוזים,0,יחידות,2020-07,0.1,,
MNT_RIB_BOI_D,ריבית בנק ישראל,M,חודשי,RIB_BOI,ריבית בנק מרכזי מוצהרת נומינלית,BOI,בנק ישראל,V,אחר,F,לא סודי,PT,אחוזים,0,יחידות,2020-08,0.1,,
MNT_RIB_BOI_D,ריבית בנק ישראל,M,חודשי,RIB_BOI,ריבית בנק מרכזי מוצהרת נומינלית,BOI,בנק ישראל,V,אחר,F,לא סודי,PT,אחוזים,0,יחידות,2020-09,0.1,,
MNT_RIB_BOI_D,ריבית בנק ישראל,M,חודשי,RIB_BOI,ריבית בנק מרכזי מוצהרת נומינלית,BOI,בנק ישראל,V,אחר,F,לא סודי,PT,אחוזים,0,יחידות,2020-10,0.1,,
MNT_RIB_BOI_D,ריבית בנק ישראל,M,חודשי,RIB_BOI,ריבית בנק מרכזי מוצהרת נומינלית,BOI,בנק ישראל,V,אחר,F,לא סודי,PT,אחוזים,0,יחידות,2020-11,0.1,,
MNT_RIB_BOI_D,ריבית בנק ישראל,M,חודשי,RIB_BOI,ריבית בנק מרכזי מוצהרת נומינלית,BOI,בנק ישראל,V,אחר,F,לא סודי,PT,אחוזים,0,יחידות,2020-12,0.1,,
MNT_RIB_BOI_D,ריבית בנק ישראל,M,חודשי,RIB_BOI,ריבית בנק מרכזי מוצהרת נומינלית,BOI,בנק ישראל,V,אחר,F,לא סודי,PT,אחוזים,0,יחידות,2021-01,0.1,,
MNT_RIB_BOI_D,ריבית בנק ישראל,M,חודשי,RIB_BOI,ריבית בנק מרכזי מוצהרת נומינלית,BOI,בנק ישראל,V,אחר,F,לא סודי,PT,אחוזים,0,יחידות,2021-02,0.1,,
MNT_RIB_BOI_D,ריבית בנק ישראל,M,חודשי,RIB_BOI,ריבית בנק מרכזי מוצהרת נומינלית,BOI,בנק ישראל,V,אחר,F,לא סודי,PT,אחוזים,0,יחידות,2021-03,0.1,,
MNT_RIB_BOI_D,ריבית בנק ישראל,M,חודשי,RIB_BOI,ריבית בנק מרכזי מוצהרת נומינלית,BOI,בנק ישראל,V,אחר,F,לא סודי,PT,אחוזים,0,יחידות,2021-04,0.1,,
MNT_RIB_BOI_D,ריבית בנק ישראל,M,חודשי,RIB_BOI,ריבית בנק מרכזי מוצהרת נומינלית,BOI,בנק ישראל,V,אחר,F,לא סודי,PT,אחוזים,0,יחידות,2021-05,0.1,,
MNT_RIB_BOI_D,ריבית בנק ישראל,M,חודשי,RIB_BOI,ריבית בנק מרכזי מוצהרת נומינלית,BOI,בנק ישראל,V,אחר,F,לא סודי,PT,אחוזים,0,יחידות,2021-06,0.1,,
MNT_RIB_BOI_D,ריבית בנק ישראל,M,חודשי,RIB_BOI,ריבית בנק מרכזי מוצהרת נומינלית,BOI,בנק ישראל,V,אחר,F,לא סודי,PT,אחוזים,0,יחידות,2021-07,0.1,,
MNT_RIB_BOI_D,ריבית בנק ישראל,M,חודשי,RIB_BOI,ריבית בנק מרכזי מוצהרת נומינלית,BOI,בנק ישראל,V,אחר,F,לא סודי,PT,אחוזים,0,יחידות,2021-08,0.1,,
MNT_RIB_BOI_D,ריבית בנק ישראל,M,חודשי,RIB_BOI,ריבית בנק מרכזי מוצהרת נומינלית,BOI,בנק ישראל,V,אחר,F,לא סודי,PT,אחוזים,0,יחידות,2021-09,0.1,,
MNT_RIB_BOI_D,ריבית בנק ישראל,M,חודשי,RIB_BOI,ריבית בנק מרכזי מוצהרת נומינלית,BOI,בנק ישראל,V,אחר,F,לא סודי,PT,אחוזים,0,יחידות,2021-10,0.1,,
MNT_RIB_BOI_D,ריבית בנק ישראל,M,חודשי,RIB_BOI,ריבית בנק מרכזי מוצהרת נומינלית,BOI,בנק ישראל,V,אחר,F,לא סודי,PT,אחוזים,0,יחידות,2021-11,0.1,,
MNT_RIB_BOI_D,ריבית בנק ישראל,M,חודשי,RIB_BOI,ריבית בנק מרכזי מוצהרת נומינלית,BOI,בנק ישראל,V,אחר,F,לא סודי,PT,אחוזים,0,יחידות,2021-12,0.1,,
MNT_RIB_BOI_D,ריבית בנק ישראל,M,חודשי,RIB_BOI,ריבית בנק מרכזי מוצהרת נומינלית,BOI,בנק ישראל,V,אחר,F,לא סודי,PT,אחוזים,0,יחידות,2022-01,0.1,,
MNT_RIB_BOI_D,ריבית בנק ישראל,M,חודשי,RIB_BOI,ריבית בנק מרכזי מוצהרת נומינלית,BOI,בנק ישראל,V,אחר,F,לא סודי,PT,אחוזים,0,יחידות,2022-02,0.1,,
MNT_RIB_BOI_D,ריבית בנק ישראל,M,חודשי,RIB_BOI,ריבית בנק מרכזי מוצהרת נומינלית,BOI,בנק ישראל,V,אחר,F,לא סודי,PT,אחוזים,0,יחידות,2022-03,0.1,,
MNT_RIB_BOI_D,ריבית בנק ישראל,M,חודשי,RIB_BOI,ריבית בנק מרכזי מוצהרת נומינלית,BOI,בנק ישראל,V,אחר,F,לא סודי,PT,אחוזים,0,יחידות,2022-04,0.35,,
MNT_RIB_BOI_D,ריבית בנק ישראל,M,חודשי,RIB_BOI,ריבית בנק מרכזי מוצהרת נומינלית,BOI,בנק ישראל,V,אחר,F,לא סודי,PT,אחוזים,0,יחידות,2022-05,0.35,,
MNT_RIB_BOI_D,ריבית בנק ישראל,M,חודשי,RIB_BOI,ריבית בנק מרכזי מוצהרת נומינלית,BOI,בנק ישראל,V,אחר,F,לא סודי,PT,אחוזים,0,יחידות,2022-06,0.75,,
MNT_RIB_BOI_D,ריבית בנק ישראל,M,חודשי,RIB_BOI,ריבית בנק מרכזי מוצהרת נומינלית,BOI,בנק ישראל,V,אחר,F,לא סודי,PT,אחוזים,0,יחידות,2022-07,1.25,,
MNT_RIB_BOI_D,ריבית בנק ישראל,M,חודשי,RIB_BOI,ריבית בנק מרכזי מוצהרת נומינלית,BOI,בנק ישראל,V,אחר,F,לא סודי,PT,אחוזים,0,יחידות,2022-08,1.25,,
MNT_RIB_BOI_D,ריבית בנק ישראל,M,חודשי,RIB_BOI,ריבית בנק מרכזי מוצהרת נומינלית,BOI,בנק ישראל,V,אחר,F,לא סודי,PT,אחוזים,0,יחידות,2022-09,2,,
MNT_RIB_BOI_D,ריבית בנק ישראל,M,חודשי,RIB_BOI,ריבית בנק מרכזי מוצהרת נומינלית,BOI,בנק ישראל,V,אחר,F,לא סודי,PT,אחוזים,0,יחידות,2022-10,2.75,,
MNT_RIB_BOI_D,ריבית בנק ישראל,M,חודשי,RIB_BOI,ריבית בנק מרכזי מוצהרת נומינלית,BOI,בנק ישראל,V,אחר,F,לא סודי,PT,אחוזים,0,יחידות,2022-11,2.75,,
MNT_RIB_BOI_D,ריבית בנק ישראל,M,חודשי,RIB_BOI,ריבית בנק מרכזי מוצהרת נומינלית,BOI,בנק ישראל,V,אחר,F,לא סודי,PT,אחוזים,0,יחידות,2022-12,3.25,,
MNT_RIB_BOI_D,ריבית בנק ישראל,M,חודשי,RIB_BOI,ריבית בנק מרכזי מוצהרת נומינלית,BOI,בנק ישראל,V,אחר,F,לא סודי,PT,אחוזים,0,יחידות,2023-01,3.75,,
MNT_RIB_BOI_D,ריבית בנק ישראל,M,חודשי,RIB_BOI,ריבית בנק מרכזי מוצהרת נומינלית,BOI,בנק ישראל,V,אחר,F,לא סודי,PT,אחוזים,0,יחידות,2023-02,3.75,,
MNT_RIB_BOI_D,ריבית בנק ישראל,M,חודשי,RIB_BOI,ריבית בנק מרכזי מוצהרת נומינלית,BOI,בנק ישראל,V,אחר,F,לא סודי,PT,אחוזים,0,יחידות,2023-03,4.25,,
MNT_RIB_BOI_D,ריבית בנק ישראל,M,חודשי,RIB_BOI,ריבית בנק מרכזי מוצהרת נומינלית,BOI,בנק ישראל,V,אחר,F,לא סודי,PT,אחוזים,0,יחידות,2023-04,4.5,,
MNT_RIB_BOI_D,ריבית בנק ישראל,M,חודשי,RIB_BOI,ריבית בנק מרכזי מוצהרת נומינלית,BOI,בנק ישראל,V,אחר,F,לא סודי,PT,אחוזים,0,יחידות,2023-05,4.5,,
MNT_RIB_BOI_D,ריבית בנק ישראל,M,חודשי,RIB_BOI,ריבית בנק מרכזי מוצהרת נומינלית,BOI,בנק ישראל,V,אחר,F,לא סודי,PT,אחוזים,0,יחידות,2023-06,4.75,,
MNT_RIB_BOI_D,ריבית בנק ישראל,M,חודשי,RIB_BOI,ריבית בנק מרכזי מוצהרת נומינלית,BOI,בנק ישראל,V,אחר,F,לא סודי,PT,אחוזים,0,יחידות,2023-07,4.75,,
MNT_RIB_BOI_D,ריבית בנק ישראל,M,חודשי,RIB_BOI,ריבית בנק מרכזי מוצהרת נומינלית,BOI,בנק ישראל,V,אחר,F,לא סודי,PT,אחוזים,0,יחידות,2023-08,4.75,,
MNT_RIB_BOI_D,ריבית בנק ישראל,M,חודשי,RIB_BOI,ריבית בנק מרכזי מוצהרת נומינלית,BOI,בנק ישראל,V,אחר,F,לא סודי,PT,אחוזים,0,יחידות,2023-09,4.75,,
MNT_RIB_BOI_D,ריבית בנק ישראל,M,חודשי,RIB_BOI,ריבית בנק מרכזי מוצהרת נומינלית,BOI,בנק ישראל,V,אחר,F,לא סודי,PT,אחוזים,0,יחידות,2023-10,4.75,,
MNT_RIB_BOI_D,ריבית בנק ישראל,M,חודשי,RIB_BOI,ריבית בנק מרכזי מוצהרת נומינלית,BOI,בנק ישראל,V,אחר,F,לא סודי,PT,אחוזים,0,יחידות,2023-11,4.75,,
MNT_RIB_BOI_D,ריבית בנק ישראל,M,חודשי,RIB_BOI,ריבית בנק מרכזי מוצהרת נומינלית,BOI,בנק ישראל,V,אחר,F,לא סודי,PT,אחוזים,0,יחידות,2023-12,4.75,,
